rrn,rrn1
860,856
856,856
856,856
856,860
860,856
856,856
856,856
856,860
860,856
856,856
856,856
856,860
860,856
856,856
856,856
856,860
860,856
856,856
856,856
856,856
856,860
860,856
856,856
856,856
856,856
856,860
860,856
856,856
856,860
860,856
856,856
856,856
856,856
856,860
860,856
856,856
856,856
856,856
856,860
860,856
856,856
856,860
860,856
856,856
856,856
856,856
856,860
860,856
856,856
856,856
856,860
860,856
856,856
856,856
856,860
860,856
856,856
856,856
856,856
856,860
860,856
856,856
856,856
856,860
860,856
856,856
856,856
856,856
856,856
856,860
860,856
856,856
856,856
856,860
860,856
856,856
856,856
856,856
856,860
860,856
856,856
856,856
856,860
860,856
856,856
856,856
856,860
860,856
856,856
856,856
856,856
856,860
860,856
856,856
856,860
860,856
856,856
856,856
856,856
856,860
860,856
856,856
856,856
856,860
860,856
856,856
856,856
856,856
856,860
860,856
856,856
856,856
856,860
860,856
856,856
856,856
856,860
860,856
856,856
856,856
856,856
856,860
860,856
856,856
856,856
856,860
860,856
856,856
856,856
856,860
860,856
856,856
856,856
856,856
1288,1282
1282,1282
1282,1282
1282,1282
1282,1288
1288,1282
1282,1282
1282,1282
1282,1288
1288,1282
1282,1282
1282,1282
1282,1282
1282,1288
1288,1282
1282,1282
1282,1282
1282,1288
1288,1282
1282,1282
1282,1282
1282,1282
1282,1282
1282,1282
1282,1282
1282,1288
1288,1282
1282,1282
1282,1282
1282,1288
860,860
860,864
864,860
860,860
860,860
860,864
864,860
860,860
860,860
860,864
864,860
860,860
860,860
860,860
860,864
864,860
860,860
860,860
860,864
864,860
860,860
860,860
860,864
864,860
860,860
860,860
860,860
860,864
864,860
860,860
860,860
860,864
864,860
860,860
860,860
860,864
864,860
860,860
860,860
860,864
864,860
860,860
860,860
860,860
860,864
864,860
860,860
860,860
860,860
860,864
864,860
860,860
860,860
860,864
864,860
860,860
860,860
860,864
864,860
860,860
860,860
860,864
864,860
860,860
860,860
860,860
860,864
864,860
860,860
860,860
860,864
864,860
860,860
860,860
860,864
864,860
860,860
860,860
860,864
864,860
860,860
860,860
860,860
860,864
864,860
860,860
860,860
860,864
864,860
860,860
860,860
860,864
864,860
860,860
860,860
860,860
860,864
864,860
860,860
860,860
860,864
864,860
860,860
860,860
860,860
860,864
864,860
860,860
860,860
860,864
864,860
860,860
860,860
860,864
864,860
860,860
860,860
860,864
864,860
860,860
860,860
860,860
860,864
864,860
860,860
860,860
860,864
864,860
860,860
860,860
860,864
864,860
860,860
860,860
860,860
860,864
864,860
860,860
860,860
860,864
864,860
860,860
860,860
860,864
864,860
860,860
860,860
860,860
860,864
864,860
860,860
860,860
860,864
864,860
860,860
860,860
860,860
860,864
864,860
860,860
860,860
860,864
864,860
860,860
860,860
860,864
864,860
860,860
860,860
860,864
864,860
860,860
860,860
860,860
860,864
864,860
860,860
860,860
860,864
864,860
860,860
860,860
860,864
864,860
860,860
860,860
860,864
864,860
860,860
860,860
860,860
860,864
864,860
860,860
860,860
860,864
864,860
860,860
860,860
860,864
864,860
860,860
860,860
860,860
860,864
864,860
860,860
860,860
860,860
860,864
864,860
860,860
860,864
864,860
860,860
860,860
860,864
864,860
860,860
860,860
860,860
860,860
860,864
864,860
860,860
860,860
860,864
864,860
860,860
860,860
860,864
864,860
860,860
860,860
860,864
864,860
860,860
860,860
860,864
864,860
860,860
860,860
860,860
860,864
864,860
860,860
860,860
860,864
864,860
860,860
860,860
860,864
864,860
860,860
860,860
860,860
860,864
864,860
860,860
860,860
860,864
864,860
860,860
860,860
860,864
864,860
860,860
860,860
860,860
860,864
864,860
860,860
860,860
860,864
864,860
860,860
860,860
860,864
864,860
860,860
860,860
860,860
860,864
864,860
860,860
860,860
860,864
864,860
860,860
860,860
860,860
860,864
864,860
860,860
860,860
860,864
864,860
860,860
860,860
860,864
864,860
860,860
860,860
860,864
864,860
860,860
860,860
860,864
864,860
860,860
860,860
860,860
860,864
864,860
860,860
860,860
860,864
864,860
860,860
860,860
860,864
864,860
860,860
860,860
860,860
860,864
864,860
860,860
860,860
860,860
860,864
864,860
860,860
860,864
864,860
860,860
860,860
860,860
860,864
864,860
860,860
860,860
860,864
864,860
860,860
860,860
860,864
864,860
860,860
860,860
860,860
860,864
864,860
860,860
860,860
860,864
864,860
860,860
860,860
860,864
864,860
860,860
860,860
860,860
860,864
864,860
860,860
860,860
860,864
864,860
860,860
860,860
860,864
864,860
860,860
860,860
860,864
864,860
860,860
860,860
860,860
860,864
864,860
860,860
860,860
860,864
864,860
860,860
860,860
860,864
864,860
860,860
860,860
860,860
860,864
864,860
860,860
860,860
860,864
864,860
860,860
860,860
860,864
864,860
860,860
860,860
860,860
860,864
864,860
860,860
860,860
860,864
864,860
860,860
860,860
860,864
864,860
860,860
860,860
860,860
860,864
864,860
860,860
860,860
860,864
864,860
860,860
860,860
860,864
864,860
860,860
860,860
860,860
860,864
864,860
860,860
860,860
860,864
864,860
860,860
860,860
860,864
864,860
860,860
860,860
860,864
864,860
860,860
860,860
860,860
860,864
864,860
860,860
860,860
860,860
860,864
864,860
860,860
860,860
860,864
864,860
860,860
860,860
860,864
864,860
860,860
860,860
860,864
864,860
860,860
860,860
860,860
860,864
864,860
860,860
860,860
860,864
864,860
860,860
860,860
860,864
864,860
860,860
860,860
860,860
860,864
864,860
860,860
860,860
860,864
864,860
860,860
860,860
860,860
860,864
864,860
860,860
860,860
860,864
864,860
860,860
860,860
860,864
864,860
860,860
860,860
860,864
864,860
860,860
860,860
860,860
860,864
864,860
860,860
860,860
860,864
864,860
860,860
860,860
860,864
864,860
860,860
860,860
860,860
860,864
864,860
860,860
860,860
860,864
864,860
860,860
860,860
860,864
864,860
860,860
860,860
860,864
864,860
860,860
860,860
860,860
860,864
864,860
860,860
860,860
860,864
864,860
860,860
860,860
860,860
860,864
864,860
860,860
860,860
860,864
864,860
860,860
860,860
860,864
864,860
860,860
860,860
860,864
864,860
860,860
860,860
860,864
864,860
860,860
860,860
860,860
860,864
864,860
860,860
860,860
860,864
864,860
860,860
860,860
860,864
864,860
860,860
860,860
860,860
860,864
864,860
860,860
860,860
860,860
860,864
864,860
860,860
860,860
860,860
860,864
864,860
860,864
864,860
860,860
860,860
860,860
860,864
864,860
860,860
860,860
860,860
860,864
864,860
860,860
860,860
860,864
864,860
860,860
860,860
860,864
864,860
860,860
860,860
860,864
864,860
860,860
860,860
860,860
860,864
864,860
860,860
860,860
860,864
864,860
860,860
860,860
860,864
864,860
860,860
860,860
860,860
860,864
864,860
860,860
860,860
860,860
860,864
864,860
860,860
860,860
860,864
864,860
860,860
860,864
864,860
860,860
860,860
860,860
860,864
864,860
860,860
860,860
860,860
860,864
864,860
860,860
860,864
864,860
860,860
860,860
860,860
860,864
864,860
860,860
860,860
860,864
864,860
860,860
860,860
860,860
860,864
864,860
860,860
860,860
860,860
860,864
864,860
860,860
860,864
864,860
860,860
860,860
860,860
860,864
864,860
860,860
860,860
860,864
864,860
860,860
860,860
860,864
864,860
860,860
860,860
860,864
864,860
860,860
860,860
860,860
860,864
864,860
860,860
860,860
860,864
864,860
860,860
860,860
860,864
864,860
860,860
860,860
860,860
860,864
864,860
860,860
860,860
860,860
860,864
864,860
860,860
860,860
860,864
864,860
860,860
860,860
860,864
864,860
860,860
860,860
860,864
864,860
860,860
860,860
860,864
864,860
860,860
860,860
860,860
860,864
864,860
860,860
860,860
860,864
864,860
860,860
860,860
860,860
860,864
864,860
860,860
860,860
860,864
864,860
860,860
860,860
860,864
864,860
860,860
860,860
860,864
864,860
860,860
860,860
860,860
860,864
864,860
860,860
860,860
860,864
864,860
860,860
860,860
860,864
864,860
860,860
860,860
860,860
860,864
864,860
860,860
860,860
860,864
864,860
860,860
860,860
860,864
864,860
860,860
860,860
860,860
860,864
864,860
860,860
860,860
860,864
864,860
860,860
860,860
860,860
860,864
864,860
860,860
860,860
860,864
864,860
860,860
860,860
860,864
864,860
860,860
860,860
860,864
864,860
860,860
860,860
860,860
860,864
864,860
860,860
860,860
860,864
864,860
860,860
860,860
860,864
864,860
860,860
860,860
860,860
860,864
864,860
860,860
860,860
860,860
860,864
864,860
860,860
860,864
864,860
860,860
860,860
860,864
864,860
860,860
860,860
860,860
860,864
864,860
860,860
860,860
860,864
864,860
860,860
860,860
860,860
860,864
864,860
860,860
860,860
860,864
864,860
860,860
860,860
860,864
864,860
860,860
860,860
860,860
860,864
864,860
860,860
860,860
860,864
864,860
860,860
860,860
860,864
864,860
860,860
860,860
860,860
860,864
864,860
860,860
860,860
860,864
864,860
860,860
860,860
860,864
864,860
860,860
860,860
860,860
860,864
864,860
860,860
860,864
864,860
860,860
860,860
860,860
860,864
864,860
860,860
860,860
860,860
860,864
864,860
860,860
860,860
860,864
864,860
860,860
860,860
860,864
864,860
860,860
860,860
860,864
864,860
860,860
860,860
860,860
860,864
864,860
860,860
860,860
860,864
864,860
860,860
860,860
860,864
864,860
860,860
860,860
860,864
864,860
860,860
860,860
860,860
860,860
860,864
864,860
860,860
860,864
864,860
860,860
860,860
860,860
860,864
864,860
860,860
860,860
860,864
864,860
860,860
860,860
860,860
860,864
864,860
860,860
860,864
864,860
860,860
860,860
860,860
860,860
860,864
864,860
860,860
860,864
864,860
860,860
860,860
860,864
864,860
860,860
860,860
860,860
860,864
864,860
860,860
860,860
860,864
864,860
860,860
860,860
860,864
864,860
860,860
860,860
860,860
860,864
864,860
860,860
860,860
860,864
864,860
860,860
860,860
860,864
864,860
860,860
860,860
860,860
860,864
864,860
860,860
860,860
860,860
860,864
864,860
860,860
860,860
860,864
864,860
860,860
860,864
864,860
860,860
860,860
860,860
860,864
864,860
860,860
860,860
860,860
860,864
864,860
860,860
860,860
860,864
864,860
860,860
860,860
860,864
864,860
860,860
860,860
860,864
864,860
860,860
860,860
860,860
860,864
864,860
860,860
860,860
860,864
864,860
860,860
860,860
860,864
864,860
860,860
860,860
860,860
860,864
864,860
860,860
860,860
860,864
864,860
860,860
860,860
860,864
864,860
860,860
860,860
860,864
864,860
860,860
860,860
860,860
860,864
864,860
860,860
860,860
860,864
864,860
860,860
860,860
860,860
860,864
864,860
860,860
860,860
860,864
864,860
860,860
860,860
860,864
864,860
860,860
860,860
860,864
864,860
860,860
860,860
860,860
860,864
864,860
860,860
860,860
860,864
864,860
860,860
860,860
860,860
860,864
864,860
860,860
860,860
860,864
864,860
860,860
860,860
860,860
860,864
864,860
860,860
860,860
860,864
864,860
860,860
860,860
860,864
864,860
860,860
860,860
860,864
864,860
860,860
860,860
860,864
864,860
860,860
860,860
860,860
860,864
864,860
860,860
860,860
860,864
864,860
860,860
860,860
860,864
864,860
860,860
860,860
860,864
864,860
860,860
860,860
860,860
860,864
864,860
860,860
860,860
860,864
864,860
860,860
860,860
860,864
864,860
860,860
860,860
860,860
860,864
864,860
860,860
860,860
860,864
864,860
860,860
860,860
860,864
864,860
860,860
860,860
860,860
860,864
864,860
860,860
860,860
860,864
864,860
860,860
860,860
860,860
860,864
864,860
860,860
860,860
860,864
864,860
860,860
860,860
860,860
860,864
864,860
860,860
860,860
860,864
864,860
860,860
860,860
860,864
864,860
860,860
860,860
860,864
864,860
860,860
860,860
860,864
864,860
860,860
860,860
860,864
864,860
860,860
860,860
860,860
860,864
864,860
860,860
860,860
860,860
860,864
864,860
860,860
860,860
860,864
864,860
860,860
860,860
860,864
864,860
860,860
860,860
860,864
864,860
860,860
860,860
860,860
860,864
864,860
860,860
860,860
860,864
864,860
860,860
860,860
860,860
860,864
864,860
860,860
860,864
864,860
860,860
860,860
860,860
860,864
864,860
860,860
860,860
860,864
864,860
860,860
860,860
860,860
860,864
864,860
860,860
860,860
860,864
864,860
860,860
860,860
860,864
864,860
860,860
860,860
860,864
864,860
860,860
860,860
860,860
860,864
864,860
860,860
860,860
860,864
864,860
860,860
860,860
860,864
864,860
860,860
860,860
860,860
860,864
864,860
860,860
860,860
860,864
864,860
860,860
860,860
860,860
860,864
864,860
860,860
860,864
864,860
860,860
860,860
860,860
860,864
864,860
860,860
860,860
860,860
860,864
864,860
860,860
860,860
860,864
864,860
860,860
860,860
860,864
864,860
860,860
860,860
860,864
864,860
860,860
860,860
860,860
860,864
864,860
860,860
860,860
860,864
864,860
860,860
860,860
860,864
864,860
860,860
860,860
860,860
860,864
864,860
860,860
860,860
860,864
864,860
860,860
860,860
860,864
864,860
860,860
860,860
860,864
864,860
860,860
860,860
860,860
860,864
864,860
860,860
860,860
860,864
864,860
860,860
860,860
860,864
864,860
860,860
860,860
860,860
860,864
864,860
860,860
860,860
860,864
864,860
860,860
860,860
860,860
860,864
864,860
860,860
860,864
864,860
860,860
860,860
860,860
860,864
864,860
860,860
860,860
860,864
864,860
860,860
860,860
860,860
860,864
864,860
860,860
860,860
860,864
864,860
860,860
860,860
860,864
864,860
860,860
860,860
860,860
860,864
864,860
860,860
860,860
860,864
864,860
860,860
860,860
860,864
864,860
860,860
860,860
860,860
860,864
864,860
860,860
860,860
860,864
864,860
860,860
860,860
860,860
860,864
864,860
860,860
860,860
860,864
864,860
860,860
860,860
860,864
864,860
860,860
860,860
860,860
860,864
864,860
860,860
860,860
860,864
864,860
860,860
860,860
860,864
864,860
860,860
860,860
860,864
864,860
860,860
860,860
860,860
860,864
864,860
860,860
860,860
860,864
864,860
860,860
860,860
860,860
860,864
864,860
860,860
860,864
864,860
860,860
860,860
860,860
860,864
864,860
860,860
860,860
860,860
860,864
864,860
860,860
860,860
860,864
864,860
860,860
860,860
860,864
864,860
860,860
860,860
860,864
864,860
860,860
860,860
860,860
860,864
864,860
860,860
860,860
860,864
864,860
860,860
860,860
860,864
864,860
860,860
860,860
860,860
860,864
864,860
860,860
860,864
864,860
860,860
860,860
860,860
860,864
864,860
860,860
860,860
860,864
864,860
860,860
860,860
860,860
860,864
864,860
860,860
860,860
860,864
864,860
860,860
860,860
860,864
864,860
860,860
860,860
860,860
860,864
864,860
860,860
860,860
860,864
864,860
860,860
860,860
860,864
864,860
860,860
860,860
860,860
860,864
864,860
860,860
860,860
860,864
864,860
860,860
860,860
860,864
864,860
860,860
860,860
860,860
860,864
864,860
860,860
860,860
860,864
864,860
860,860
860,860
860,864
864,860
860,860
860,860
860,864
864,860
860,860
860,860
860,860
860,864
864,860
860,860
860,860
860,864
864,860
860,860
860,860
860,860
860,864
864,860
860,860
860,860
860,864
864,860
860,860
860,860
860,864
864,860
860,860
860,860
860,864
864,860
860,860
860,860
860,860
860,864
864,860
860,860
860,860
860,864
864,860
860,860
860,860
860,860
860,864
864,860
860,860
860,860
860,864
864,860
860,860
860,860
860,864
864,860
860,860
860,860
860,860
860,864
864,860
860,860
860,860
860,864
864,860
860,860
860,860
860,864
864,860
860,860
860,860
860,864
864,860
860,860
860,860
860,864
864,860
860,860
860,860
860,860
860,864
864,860
860,860
860,860
860,860
860,864
864,860
860,860
860,864
864,860
860,860
860,860
860,860
860,860
860,864
864,860
860,860
860,864
864,860
860,860
860,860
860,860
860,864
864,860
860,860
860,860
860,864
864,860
860,860
860,860
860,864
864,860
860,860
860,860
860,860
860,864
864,860
860,860
860,860
860,864
864,860
860,860
860,860
860,860
860,864
864,860
860,860
860,860
860,864
864,860
860,860
860,860
860,864
864,860
860,860
860,860
860,864
864,860
860,860
860,860
860,860
860,864
864,860
860,860
860,860
860,864
864,860
860,860
860,860
860,860
860,864
864,860
860,860
860,860
860,864
864,860
860,860
860,860
860,864
864,860
860,860
860,860
860,864
864,860
860,860
860,860
860,864
864,860
860,860
860,860
860,860
860,864
864,860
860,860
860,860
860,860
860,864
864,860
860,860
860,860
860,864
864,860
860,860
860,860
860,864
864,860
860,860
860,860
860,864
864,860
860,860
860,860
860,860
860,864
864,860
860,860
860,860
860,864
864,860
860,860
860,860
860,864
864,860
860,860
860,860
860,864
864,860
860,860
860,860
860,860
860,864
864,860
860,860
860,860
860,864
864,860
860,860
860,860
860,860
860,864
864,860
860,860
860,860
860,864
864,860
860,860
860,860
860,864
864,860
860,860
860,860
860,864
864,860
860,860
860,860
860,864
864,860
860,860
860,860
860,860
860,864
864,860
860,860
860,860
860,860
860,864
864,860
860,860
860,860
860,864
864,860
860,860
860,860
860,864
864,860
860,860
860,860
860,864
864,860
860,860
860,860
860,864
864,860
860,860
860,860
860,860
860,864
864,860
860,860
860,860
860,860
860,864
864,860
860,860
860,860
860,864
864,860
860,860
860,860
860,864
864,860
860,860
860,860
860,860
860,864
864,860
860,860
860,860
860,864
864,860
860,860
860,860
860,864
864,860
860,860
860,860
860,864
864,860
860,860
860,860
860,860
860,864
864,860
860,860
860,860
860,864
864,860
860,860
860,860
860,864
864,860
860,860
860,860
860,864
864,860
860,860
860,860
860,860
860,864
864,860
860,860
860,860
860,860
860,864
864,860
860,860
860,864
864,860
860,860
860,860
860,860
860,864
864,860
860,860
860,860
860,864
864,860
860,860
860,860
860,864
864,860
860,860
860,860
860,860
860,864
864,860
860,860
860,860
860,864
864,860
860,860
860,860
860,864
864,860
860,860
860,860
860,860
860,864
864,860
860,860
860,860
860,864
864,860
860,860
860,860
860,864
864,860
860,860
860,860
860,860
860,864
864,860
860,860
860,860
860,864
864,860
860,860
860,860
860,864
864,860
860,860
860,860
860,860
860,864
864,860
860,860
860,860
860,864
864,860
860,860
860,860
860,864
864,860
860,860
860,860
860,860
860,864
864,860
860,860
860,860
860,864
864,860
860,860
860,860
860,864
864,860
860,860
860,860
860,864
864,860
860,860
860,860
860,860
860,860
860,864
864,860
860,860
860,864
864,860
860,860
860,860
860,860
860,864
864,860
860,860
860,860
860,864
864,860
860,860
860,860
860,864
864,860
860,860
860,860
860,860
860,864
864,860
860,860
860,860
860,864
864,860
860,860
860,860
860,864
864,860
860,860
860,860
860,864
864,860
860,860
860,860
860,860
860,860
860,864
864,860
860,860
860,864
864,860
860,860
860,860
860,864
864,860
860,860
860,860
860,860
860,864
864,860
860,860
860,860
860,864
864,860
860,860
860,860
860,864
864,860
860,860
860,860
860,860
860,864
864,860
860,860
860,860
860,860
860,864
864,860
860,860
860,864
864,860
881,886
886,881
881,881
881,881
881,886
886,881
881,881
881,881
881,886
886,881
881,881
881,881
881,886
886,881
881,881
881,881
881,881
881,886
886,881
881,881
881,881
881,886
886,881
881,881
881,881
881,886
886,881
881,881
881,881
881,886
886,881
881,881
881,881
881,881
881,886
886,881
881,881
881,881
881,886
886,881
881,881
881,881
881,881
881,886
886,881
881,881
881,881
881,886
886,881
881,881
881,881
881,881
881,886
886,881
881,881
881,881
881,886
886,881
881,881
881,881
881,886
886,881
881,881
881,881
881,886
886,881
881,881
881,881
881,881
881,886
886,881
881,881
881,881
881,886
886,881
881,881
881,881
881,886
886,881
881,881
881,881
881,881
881,886
886,881
881,881
881,881
881,886
886,881
881,881
881,881
881,886
886,881
881,881
881,881
881,881
881,886
886,881
881,881
881,881
881,886
886,881
881,881
881,881
881,886
886,881
881,881
881,881
881,886
886,881
881,881
881,881
881,881
881,886
886,881
881,881
881,881
881,881
881,886
886,881
881,881
881,881
881,886
886,881
881,881
881,881
881,886
886,881
881,881
881,881
881,886
886,881
881,881
881,881
881,886
886,881
881,881
881,881
881,881
881,886
886,881
881,881
881,881
881,886
886,881
881,881
881,881
881,886
886,881
881,881
881,881
881,881
881,886
886,881
881,881
881,881
881,881
881,886
886,881
881,881
881,886
886,881
881,881
881,881
881,881
881,886
886,881
881,881
881,881
881,886
886,881
881,881
881,881
881,886
886,881
881,881
881,881
881,881
881,886
886,881
881,881
881,881
881,886
886,881
881,881
881,881
881,886
886,881
881,881
881,881
881,881
881,886
886,881
881,881
881,881
881,886
886,881
881,881
881,881
881,886
886,881
881,881
881,881
881,886
886,881
881,881
881,881
881,881
881,886
886,881
881,881
881,881
881,886
886,881
881,881
881,881
881,886
886,881
881,881
881,881
881,881
881,886
886,881
881,881
881,881
881,886
886,881
881,881
881,881
881,886
886,881
881,881
881,881
881,881
881,886
886,881
881,881
881,881
881,886
886,881
881,881
881,881
881,886
886,881
881,881
881,881
881,886
886,881
881,881
881,881
881,881
881,886
886,881
881,881
881,881
881,886
886,881
881,881
881,881
881,881
881,886
886,881
881,881
881,881
881,886
886,881
881,881
881,881
881,886
886,881
881,881
881,881
881,881
881,886
886,881
881,881
881,881
881,886
886,881
881,881
881,881
881,886
886,881
881,881
881,881
881,881
881,886
886,881
881,881
881,881
881,886
886,881
881,881
881,881
881,886
886,881
881,881
881,881
881,881
881,886
886,881
881,881
881,881
881,886
886,881
881,881
881,881
881,886
886,881
881,881
881,881
881,886
886,881
881,881
881,881
881,881
881,886
886,881
881,881
881,881
881,886
886,881
881,881
881,881
881,886
886,881
881,881
881,881
881,881
881,886
886,881
881,881
881,881
881,886
886,881
881,881
881,881
881,881
881,886
886,881
881,881
881,881
881,886
886,881
881,881
881,881
881,886
886,881
881,881
881,881
881,881
881,886
886,881
881,881
881,881
881,886
886,881
881,881
881,881
881,886
886,881
881,881
881,881
881,886
886,881
881,881
881,881
881,881
881,886
886,881
881,881
881,881
881,886
886,881
881,881
881,881
881,881
881,886
886,881
881,881
881,881
881,886
886,881
881,881
881,881
881,886
886,881
881,881
881,881
881,881
881,881
881,886
886,881
881,881
881,886
886,881
881,881
881,881
881,886
886,881
881,881
881,881
881,886
886,881
881,881
881,881
881,881
881,886
886,881
881,881
881,881
881,886
886,881
881,881
881,881
881,886
886,881
881,881
881,881
881,881
881,886
886,881
881,881
881,881
881,886
886,881
881,881
881,881
881,886
886,881
881,881
881,881
881,886
886,881
881,881
881,881
881,881
881,881
881,886
886,881
881,881
881,886
886,881
881,881
881,881
881,881
881,886
886,881
881,881
881,881
881,886
886,881
881,881
881,881
881,886
886,881
881,881
881,881
881,881
881,886
886,881
881,881
881,881
881,886
886,881
881,881
881,881
881,886
886,881
881,881
881,881
881,881
881,886
886,881
881,881
881,881
881,886
886,881
881,881
881,881
881,886
886,881
881,881
881,881
881,881
881,886
886,881
881,881
881,881
881,886
886,881
881,881
881,881
881,886
886,881
881,881
881,881
881,881
881,886
886,881
881,881
881,881
881,886
886,881
881,881
881,881
881,886
886,881
881,881
881,881
881,886
886,881
881,881
881,881
881,881
881,886
886,881
881,881
881,881
881,886
886,881
881,881
881,881
881,886
886,881
881,881
881,881
881,886
886,881
881,881
881,881
881,881
881,886
886,881
881,881
881,881
881,886
886,881
881,881
881,881
881,886
886,881
881,881
881,881
881,881
881,886
886,881
881,881
881,881
881,881
881,886
886,881
881,881
881,881
881,886
886,881
881,881
881,881
881,886
886,881
881,881
881,881
881,886
886,881
881,881
881,881
881,881
881,886
886,881
881,881
881,881
881,886
886,881
881,881
881,881
881,886
886,881
881,881
881,881
881,881
881,886
886,881
881,881
881,881
881,886
886,881
881,881
881,881
881,886
886,881
881,881
881,881
881,881
881,886
886,881
881,881
881,881
881,886
886,881
881,881
881,881
881,886
886,881
881,881
881,881
881,881
881,886
886,881
881,881
881,881
881,886
886,881
881,881
881,881
881,886
886,881
881,881
881,881
881,881
881,886
886,881
881,881
881,881
881,886
886,881
881,881
881,881
881,886
886,881
881,881
881,881
881,881
881,886
886,881
881,881
881,881
881,886
886,881
881,881
881,881
881,886
886,881
881,881
881,881
881,881
881,886
886,881
881,881
881,881
881,886
886,881
881,881
881,881
881,886
886,881
881,881
881,881
881,881
881,886
886,881
881,881
881,881
881,886
886,881
881,881
881,881
881,886
886,881
881,881
881,881
881,886
886,881
881,881
881,881
881,886
886,881
881,881
881,881
881,881
881,886
886,881
881,881
881,881
881,886
886,881
881,881
881,881
881,881
881,881
881,886
886,881
881,881
881,881
881,881
881,886
886,881
881,881
881,881
881,886
886,881
881,881
881,881
881,886
886,881
881,881
881,881
881,881
881,886
886,881
881,881
881,881
881,886
886,881
881,881
881,881
881,886
886,881
881,881
881,881
881,881
881,886
886,881
881,881
881,881
881,886
886,881
881,881
881,881
881,886
886,881
881,881
881,881
881,881
881,886
886,881
881,881
881,881
881,886
886,881
881,881
881,881
881,886
886,881
881,881
881,881
881,886
886,881
881,881
881,881
881,881
881,886
886,881
881,881
881,881
881,886
886,881
881,881
881,881
881,886
886,881
881,881
881,881
881,881
881,886
886,881
881,881
881,881
881,886
886,881
881,881
881,881
881,886
886,881
881,881
881,881
881,886
886,881
881,881
881,881
881,881
881,886
886,881
881,881
881,881
881,886
886,881
881,881
881,881
881,886
886,881
881,881
881,881
881,881
881,886
886,881
881,881
881,881
881,881
881,886
886,881
881,881
881,886
886,881
881,881
881,881
881,881
881,886
886,881
881,881
881,881
881,886
886,881
881,881
881,881
881,886
886,881
881,881
881,881
881,881
881,886
886,881
881,881
881,881
881,881
881,886
886,881
881,881
881,881
881,886
886,881
881,881
881,881
881,886
886,881
881,881
881,881
881,886
886,881
881,881
881,881
881,886
886,881
881,881
881,881
881,881
881,886
886,881
881,881
881,881
881,886
886,881
881,881
881,881
881,886
886,881
881,881
881,881
881,881
881,886
886,881
881,881
881,881
881,886
886,881
881,881
881,881
881,886
886,881
881,881
881,881
881,881
881,886
886,881
881,881
881,881
881,886
886,881
881,881
881,881
881,886
886,881
881,881
881,881
881,886
886,881
881,881
881,881
881,881
881,886
886,881
881,881
881,881
881,886
886,881
881,881
881,881
881,886
886,881
881,881
881,881
881,881
881,886
886,881
881,881
881,881
881,886
886,881
881,881
881,881
881,881
881,886
886,881
881,881
881,881
881,886
886,881
881,881
881,881
881,886
886,881
881,881
881,881
881,886
886,881
881,881
881,881
881,881
881,886
886,881
881,881
881,881
881,886
886,881
881,881
881,881
881,881
881,886
886,881
881,881
881,881
881,886
886,881
881,881
881,881
881,886
886,881
881,881
881,881
881,886
886,881
881,881
881,881
881,881
881,886
886,881
881,881
881,881
881,886
886,881
881,881
881,881
881,881
881,886
886,881
881,881
881,886
886,881
881,881
881,881
881,881
881,886
886,881
881,881
881,881
881,886
886,881
881,881
881,881
881,881
881,886
886,881
881,881
881,881
881,886
886,881
881,881
881,881
881,886
886,881
881,881
881,881
881,881
881,886
886,881
881,881
881,881
881,886
886,881
881,881
881,881
881,886
886,881
881,881
881,881
881,881
881,886
886,881
881,881
881,881
881,886
886,881
881,881
881,881
881,886
886,881
881,881
881,881
881,886
886,881
881,881
881,881
881,881
881,886
886,881
881,881
881,881
881,886
886,881
881,881
881,881
881,886
886,881
881,881
881,881
881,881
881,886
886,881
881,881
881,881
881,886
886,881
881,881
881,881
881,881
881,886
886,881
881,881
881,881
881,886
886,881
881,881
881,881
881,886
886,881
881,881
881,881
881,881
881,886
886,881
881,881
881,881
881,886
886,881
881,881
881,881
881,886
886,881
881,881
881,881
881,886
886,881
881,881
881,881
881,886
886,881
881,881
881,881
881,881
881,886
886,881
881,881
881,881
881,886
886,881
881,881
881,881
881,881
881,886
886,881
881,881
881,881
881,886
886,881
881,881
881,881
881,886
886,881
881,881
881,881
881,881
881,886
886,881
881,881
881,881
881,886
886,881
881,881
881,881
881,886
886,881
881,881
881,881
881,886
886,881
881,881
881,881
881,881
881,886
886,881
881,881
881,881
881,886
886,881
881,881
881,881
881,886
886,881
881,881
881,881
881,881
881,886
886,881
881,881
881,881
881,886
886,881
881,881
881,881
881,881
881,886
886,881
881,881
881,881
881,886
886,881
881,881
881,881
881,886
886,881
881,881
881,881
881,886
886,881
881,881
881,881
881,881
881,886
886,881
881,881
881,881
881,886
886,881
881,881
881,881
881,881
881,886
886,881
881,881
881,881
881,886
886,881
881,881
881,881
881,886
886,881
881,881
881,881
881,881
881,886
886,881
881,881
881,881
881,886
886,881
881,881
881,881
881,886
886,881
881,881
881,881
881,881
881,886
886,881
881,881
881,881
881,886
886,881
881,881
881,881
881,886
886,881
881,881
881,881
881,881
881,886
886,881
881,881
881,881
881,886
886,881
881,881
881,881
881,886
886,881
881,881
881,881
881,886
886,881
881,881
881,881
881,886
886,881
881,881
881,881
881,881
881,886
886,881
881,881
881,881
881,886
886,881
881,881
881,881
881,886
886,881
881,881
881,881
881,881
881,881
881,886
886,881
881,881
881,886
886,881
881,881
881,881
881,886
886,881
881,881
881,881
881,886
886,881
881,881
881,881
881,881
881,886
886,881
881,881
881,881
881,886
886,881
881,881
881,881
881,881
881,886
886,881
881,881
881,881
881,886
886,881
881,881
881,881
881,886
886,881
881,881
881,881
881,881
881,886
886,881
881,881
881,881
881,886
886,881
881,881
881,881
881,886
886,881
881,881
881,881
881,881
881,886
886,881
881,881
881,881
881,886
886,881
881,881
881,881
881,886
886,881
881,881
881,881
881,881
881,886
886,881
881,881
881,881
881,886
886,881
881,881
881,881
881,881
881,886
886,881
881,881
881,881
881,886
886,881
881,881
881,881
881,886
886,881
881,881
881,881
881,881
881,886
886,881
881,881
881,886
886,881
881,881
881,881
881,881
881,886
886,881
881,881
881,881
881,886
886,881
881,881
881,881
881,881
881,886
886,881
881,881
881,881
881,886
886,881
881,881
881,881
881,886
886,881
881,881
881,881
881,881
881,886
886,881
881,881
881,881
881,886
886,881
881,881
881,881
881,886
886,881
881,881
881,881
881,886
886,881
881,881
881,881
881,886
886,881
881,881
881,881
881,881
881,886
886,881
881,881
881,881
881,886
886,881
881,881
881,881
881,886
886,881
881,881
881,881
881,881
881,886
886,881
881,881
881,881
881,886
886,881
881,881
881,881
881,881
881,886
886,881
881,881
881,881
881,886
886,881
881,881
881,881
881,886
886,881
881,881
881,881
881,881
881,886
886,881
881,881
881,881
881,881
881,886
886,881
881,881
881,886
886,881
881,881
881,881
881,886
886,881
881,881
881,881
881,881
881,886
886,881
881,881
881,881
881,886
886,881
881,881
881,881
881,881
881,886
886,881
881,881
881,881
881,886
886,881
881,881
881,881
881,881
881,886
886,881
881,881
881,886
886,881
881,881
881,881
881,881
881,886
886,881
881,881
881,881
881,881
881,886
886,881
881,881
881,886
886,881
881,881
881,881
881,881
881,886
886,881
881,881
881,881
881,886
886,881
881,881
881,881
881,886
886,881
881,881
881,881
881,881
881,886
886,881
881,881
881,881
881,886
886,881
881,881
881,881
881,886
886,881
881,881
881,881
881,886
886,877
877,886
886,881
881,881
881,886
886,881
881,881
881,881
881,881
881,886
886,881
881,881
881,881
881,886
886,881
881,881
881,881
881,886
886,881
881,881
881,881
881,881
881,886
886,881
881,881
881,881
881,886
886,881
881,881
881,881
881,886
886,881
881,881
881,881
881,881
881,886
886,881
881,881
881,881
881,886
886,881
881,881
881,881
881,886
886,881
881,881
881,881
881,881
881,886
886,881
881,881
881,886
886,881
881,881
881,881
881,881
881,881
881,886
886,881
881,881
881,881
881,886
886,881
881,881
881,881
881,886
886,881
881,881
881,881
881,886
886,881
881,881
881,881
881,886
886,881
881,881
881,881
881,886
886,881
881,881
881,881
881,881
881,886
886,881
881,881
881,881
881,881
881,886
886,881
881,881
881,886
886,881
881,881
881,881
881,881
881,881
881,886
886,881
881,881
881,886
886,881
881,881
881,881
881,881
881,886
886,881
881,881
881,881
881,886
886,881
881,881
881,881
881,881
881,886
886,881
881,881
881,881
881,886
886,881
881,881
881,881
881,886
886,881
881,881
881,881
881,886
886,881
881,881
881,881
881,886
886,881
881,881
881,881
881,886
886,881
881,881
881,881
881,881
881,881
881,886
886,881
881,881
881,881
881,886
886,881
881,881
881,886
886,881
881,881
881,881
881,881
881,886
886,881
881,881
881,881
881,886
886,881
881,881
881,881
881,886
886,881
881,881
881,881
881,881
881,886
886,881
881,881
881,881
881,881
881,886
886,881
881,881
881,881
881,886
886,881
881,881
881,881
881,886
886,881
881,881
881,881
881,886
886,881
881,881
881,881
881,886
886,881
881,881
881,881
881,881
881,886
886,881
881,881
881,881
881,881
881,886
886,881
881,881
881,886
886,881
881,881
881,881
881,881
881,886
886,881
881,881
881,881
881,886
886,881
881,881
881,881
881,881
881,886
886,881
881,881
881,881
881,886
886,881
881,881
881,881
881,881
881,886
886,881
881,881
881,881
881,886
886,881
881,881
881,881
881,886
886,881
881,881
881,881
881,886
886,881
881,881
881,881
881,881
881,886
886,881
881,881
881,881
881,886
886,881
881,881
881,881
881,886
886,881
881,881
881,881
881,881
881,886
886,881
881,881
881,881
881,886
886,881
881,881
881,881
881,886
886,881
881,881
881,881
881,886
886,881
881,881
881,881
881,881
881,886
886,881
881,881
881,881
881,881
881,886
886,881
881,881
881,886
886,881
881,881
881,881
881,881
881,886
886,881
881,881
881,881
881,881
881,886
886,881
881,881
881,886
886,881
881,881
881,881
881,881
881,886
886,881
881,881
881,881
881,886
886,881
881,881
881,881
881,881
881,886
886,881
881,881
881,881
881,886
886,881
881,881
881,881
881,886
886,881
881,881
881,881
881,881
881,886
886,881
881,881
881,881
881,886
886,881
881,881
881,881
881,886
886,881
881,881
881,881
881,881
881,886
886,881
881,881
881,886
886,881
881,881
881,881
881,881
881,886
886,881
881,881
881,881
881,886
886,881
881,881
881,881
881,886
886,881
881,881
881,881
881,881
881,886
886,881
881,881
881,881
881,881
881,886
886,881
881,881
881,881
881,886
886,881
881,881
881,881
881,886
886,881
881,881
881,881
881,886
886,881
881,881
881,881
881,886
886,881
881,881
881,881
881,886
886,881
881,881
881,881
881,881
881,886
886,881
881,881
881,881
881,881
881,886
886,881
881,881
881,881
881,886
886,881
881,881
881,881
881,886
886,881
881,881
881,881
881,886
886,881
881,881
881,881
881,886
886,881
881,881
881,881
881,881
881,881
881,886
886,881
881,881
881,886
886,881
881,881
881,881
881,881
881,886
886,881
881,881
881,881
881,886
886,881
881,881
881,881
881,886
886,881
881,881
881,881
881,881
881,886
886,881
881,881
881,881
881,886
886,881
881,881
881,881
881,886
886,881
881,881
881,881
881,881
881,886
886,881
881,881
881,881
881,886
886,881
881,881
881,881
881,881
881,886
886,881
881,881
881,886
886,881
881,881
881,881
881,881
881,886
886,881
881,881
881,881
881,886
886,881
881,881
881,881
881,886
886,881
881,881
881,881
881,881
881,886
886,881
881,881
881,881
881,886
886,881
881,881
881,881
881,881
881,886
886,881
881,881
881,881
881,886
886,881
881,881
881,881
881,886
886,881
881,881
881,881
881,886
886,881
881,881
881,881
881,881
881,886
886,881
881,881
881,881
881,886
886,881
881,881
881,881
881,881
881,886
886,881
881,881
881,881
881,886
886,881
881,881
881,881
881,886
886,881
881,881
881,881
881,881
881,886
1298,1304
1304,1298
1298,1298
1298,1298
1298,1298
1298,1304
1304,1298
1298,1298
1298,1298
1298,1304
1304,1298
1298,1298
1298,1298
1298,1304
1304,1298
1298,1298
1298,1298
1298,1304
1304,1298
1298,1298
1298,1298
1298,1298
1298,1304
1304,1298
1298,1298
1298,1298
1298,1304
1304,1298
1298,1298
1298,1298
1298,1298
1298,1304
1304,1298
1298,1298
1298,1298
1298,1304
1304,1298
1298,1298
1298,1298
1298,1304
1304,1298
1298,1298
1298,1298
1298,1298
1298,1304
1304,1298
1298,1298
1298,1298
1298,1304
1304,1298
1298,1298
1298,1298
1298,1304
1304,1298
1298,1298
1298,1298
1298,1304
1304,1298
1298,1298
1298,1298
1298,1298
1298,1304
1304,1298
1298,1298
1298,1298
1298,1304
1304,1298
1298,1298
1298,1298
1298,1298
1298,1304
1304,1298
1298,1298
1298,1298
1298,1304
1304,1298
1298,1298
1298,1298
1298,1304
1304,1298
1298,1298
1298,1298
1298,1304
1304,1298
1298,1298
1298,1298
1298,1298
1298,1304
1304,1298
1298,1298
1298,1298
1298,1304
1304,1298
1298,1298
1298,1298
1298,1298
1298,1304
1304,1298
1298,1298
1298,1304
1304,1298
1298,1298
1298,1298
1298,1298
1298,1304
1304,1298
1298,1298
1298,1298
1298,1304
1304,1298
1298,1298
1298,1298
1298,1304
1304,1298
1298,1298
1298,1298
1298,1298
1298,1304
1304,1298
1298,1298
1298,1298
1298,1304
1304,1298
1298,1298
1298,1298
1298,1298
1298,1304
1304,1298
1298,1298
1298,1298
1298,1304
1304,1298
1298,1298
1298,1298
1298,1304
1304,1298
1298,1298
1298,1298
1298,1304
1304,1298
1298,1298
1298,1298
1298,1298
1298,1304
1304,1298
1298,1298
1298,1298
1298,1304
1304,1298
1298,1298
1298,1298
1298,1304
1304,1298
1298,1298
1298,1298
1298,1298
1298,1304
1304,1298
1298,1298
1298,1298
1298,1304
1304,1298
1298,1298
1298,1298
1298,1298
1298,1304
1304,1298
1298,1298
1298,1298
1298,1304
1304,1298
1298,1298
1298,1298
1298,1304
1304,1298
1298,1298
1298,1298
1298,1304
1304,1298
1298,1298
1298,1298
1298,1298
1298,1304
1304,1298
1298,1298
1298,1298
1298,1304
1304,1298
1298,1298
1298,1298
1298,1304
1304,1298
1298,1298
1298,1298
1298,1298
1298,1304
1304,1298
1298,1298
1298,1298
1298,1304
1304,1298
1298,1298
1298,1298
1298,1298
1298,1304
1304,1298
1298,1298
1298,1298
1298,1304
1304,1298
1298,1298
1298,1298
1298,1304
1304,1298
1298,1298
1298,1298
1298,1304
1304,1298
1298,1298
1298,1298
1298,1298
1298,1304
1304,1298
1298,1298
1298,1298
1298,1304
1304,1298
1298,1298
1298,1298
1298,1304
1304,1298
1298,1298
1298,1298
1298,1298
1298,1304
1304,1298
1298,1298
1298,1298
1298,1304
1304,1298
1298,1298
1298,1298
1298,1304
1304,1298
1298,1298
1298,1298
1298,1298
1298,1304
1304,1298
1298,1298
1298,1304
1304,1298
1298,1298
1298,1298
1298,1298
1298,1304
1304,1298
1298,1298
1298,1298
1298,1298
1298,1304
1304,1298
1298,1298
1298,1298
1298,1304
1304,1298
1298,1298
1298,1298
1298,1304
1304,1298
1298,1298
1298,1298
1298,1298
1298,1304
1304,1298
1298,1298
1298,1298
1298,1304
1304,1298
1298,1298
1298,1298
1298,1304
1304,1298
1298,1298
1298,1298
1298,1304
1304,1298
1298,1298
1298,1298
1298,1298
1298,1304
1304,1298
1298,1298
1298,1298
1298,1304
1304,1298
1298,1298
1298,1298
1298,1304
1304,1298
1298,1298
1298,1298
1298,1298
1298,1304
1304,1298
1298,1298
1298,1298
1298,1304
1304,1298
1298,1298
1298,1298
1298,1304
1304,1298
1298,1298
1298,1298
1298,1298
1298,1304
1304,1298
1298,1298
1298,1298
1298,1304
1304,1298
1298,1298
1298,1298
1298,1304
1304,1298
1298,1298
1298,1298
1298,1298
1298,1304
1304,1298
1298,1298
1298,1298
1298,1304
1304,1298
1298,1298
1298,1298
1298,1304
1304,1298
1298,1298
1298,1298
1298,1298
1298,1304
1304,1298
1298,1298
1298,1298
1298,1304
1304,1298
1298,1298
1298,1298
1298,1298
1298,1304
1304,1298
1298,1298
1298,1304
1304,1298
1298,1298
1298,1298
1298,1298
1298,1304
1304,1298
1298,1298
1298,1298
1298,1298
1298,1304
1304,1298
1298,1298
1298,1298
1298,1304
1304,1298
1298,1298
1298,1298
1298,1304
1304,1298
1298,1298
1298,1298
1298,1304
1304,1298
1298,1298
1298,1298
1298,1298
1298,1304
1304,1298
1298,1298
1298,1304
1304,1298
1298,1298
1298,1298
1298,1298
1298,1304
1304,1298
1298,1298
1298,1298
1298,1298
1298,1304
1304,1298
1298,1298
1298,1304
1304,1298
1298,1298
1298,1298
1298,1298
1298,1304
1304,1298
1298,1298
1298,1298
1298,1298
1298,1304
1304,1298
1298,1298
1298,1304
1304,1298
1298,1298
1298,1298
1298,1298
1298,1304
1304,1298
1298,1298
1298,1298
1298,1304
1304,1298
1298,1298
1298,1298
1298,1298
1298,1304
1304,1298
1298,1298
1298,1298
1298,1304
1304,1298
1298,1298
1298,1298
1298,1304
1304,1298
1298,1298
1298,1298
1298,1298
1298,1304
1304,1298
1298,1298
1298,1298
1298,1304
1304,1298
1298,1298
1298,1298
1298,1298
1298,1304
1304,1298
1298,1298
1298,1304
1304,1298
1298,1298
1298,1298
1298,1298
1298,1304
1304,1298
1298,1298
1298,1298
1298,1304
1304,1298
1298,1298
1298,1298
1298,1298
1298,1304
1304,1298
1298,1298
1298,1304
1304,1298
1298,1298
1298,1298
1298,1298
1298,1304
1304,1298
1298,1298
1298,1298
1298,1304
1304,1298
1298,1298
1298,1298
1298,1298
1298,1304
1304,1298
1298,1298
1298,1298
1298,1304
1304,1298
1298,1298
1298,1298
1298,1298
1298,1304
1304,1298
1298,1298
1298,1298
1298,1304
1304,1298
1298,1298
1298,1304
1304,1298
1298,1298
1298,1298
1298,1298
1298,1298
1298,1304
1304,1298
1298,1298
1298,1298
1298,1304
1304,1298
1298,1298
1298,1298
1298,1304
1304,1298
1298,1298
1298,1298
1298,1304
1304,1298
1298,1298
1298,1298
1298,1304
1304,1298
1298,1298
1298,1298
1298,1298
1298,1304
1304,1298
1298,1298
1298,1298
1298,1298
1298,1304
1304,1298
1298,1298
1298,1304
1304,1298
1298,1298
1298,1298
1298,1298
1298,1304
1304,1298
1298,1298
1298,1298
1298,1304
1304,1298
1298,1298
1298,1298
1298,1298
1298,1304
1304,1298
1298,1298
1298,1298
1298,1304
1304,1298
1298,1298
1298,1298
1298,1304
1304,1298
1298,1298
1298,1298
1298,1304
1304,1298
1298,1298
1298,1298
1298,1298
1298,1304
1304,1298
1298,1298
1298,1298
1298,1304
1304,1298
1298,1298
1298,1298
1298,1298
1298,1304
1304,1298
1298,1298
1298,1304
1304,1298
1298,1298
1298,1298
1298,1298
1298,1304
1304,1298
1298,1298
1298,1298
1298,1298
1298,1304
1304,1298
1298,1298
1298,1298
1298,1298
1298,1304
1304,1298
1298,1298
1298,1298
1298,1304
1304,1298
1298,1298
1298,1304
1304,1298
1298,1298
1298,1298
1298,1298
1298,1304
1304,1298
1298,1298
1298,1298
1298,1304
1304,1298
1298,1298
1298,1298
1298,1298
1298,1304
1304,1298
1298,1298
1298,1298
1298,1304
1304,1298
1298,1298
1298,1298
1298,1304
1304,1298
1298,1298
1298,1298
1298,1298
1298,1304
1304,1298
1298,1298
1298,1298
1298,1304
1304,1298
1298,1298
1298,1298
1298,1304
1304,1298
1298,1298
1298,1298
1298,1304
1304,1298
1298,1298
1298,1298
1298,1304
1304,1298
1298,1298
1298,1298
1298,1298
1298,1304
1304,1298
1298,1298
1298,1298
1298,1304
1304,1298
1298,1298
1298,1298
1298,1304
1304,1298
1298,1298
1298,1298
1298,1298
1298,1304
1304,1298
1298,1298
1298,1298
1298,1298
1298,1304
1304,1298
1298,1298
1298,1304
1304,1298
1298,1298
1298,1298
1298,1298
1298,1304
1304,1298
1298,1298
1298,1298
1298,1304
1304,1298
1298,1298
1298,1298
1298,1304
1304,1298
1298,1298
1298,1298
1298,1298
1298,1304
1304,1298
1298,1298
1298,1298
1298,1304
1304,1298
1298,1298
1298,1298
1298,1298
1298,1304
1304,1298
1298,1298
1298,1298
1298,1304
1304,1298
1298,1298
1298,1298
1298,1304
1304,1298
1298,1298
1298,1298
1298,1304
1304,1291
1291,1304
1304,1298
1298,1304
1304,1298
1298,1298
1298,1298
1298,1298
1298,1304
1304,1298
1298,1298
1298,1298
1298,1298
1298,1304
1304,1298
1298,1298
1298,1304
1304,1298
1298,1298
1298,1298
1298,1298
1298,1304
1304,1298
1298,1298
1298,1298
1298,1304
1304,1298
1298,1298
1298,1298
1298,1298
1298,1304
1304,1298
1298,1298
1298,1298
1298,1304
1304,1298
1298,1298
1298,1298
1298,1298
1298,1304
1304,1298
1298,1298
1298,1298
1298,1304
1304,1298
1298,1298
1298,1298
1298,1304
1304,1298
1298,1298
1298,1298
1298,1304
1304,1298
1298,1298
1298,1298
1298,1298
1298,1304
1304,1298
1298,1298
1298,1298
1298,1304
1304,1298
1298,1298
1298,1298
1298,1298
1298,1304
1304,1298
1298,1298
1298,1304
1304,1298
1298,1298
1298,1298
1298,1298
1298,1304
1304,1298
1298,1298
1298,1298
1298,1298
1298,1304
1304,1298
1298,1298
1298,1298
1298,1304
1304,1298
1298,1298
1298,1298
1298,1298
1298,1304
1304,1298
1298,1298
1298,1304
1304,1298
1298,1298
1298,1298
1298,1298
1298,1304
1304,1298
1298,1298
1298,1298
1298,1304
1304,1298
1298,1298
1298,1298
1298,1304
1304,1298
1298,1298
1298,1298
1298,1304
1304,1298
1298,1298
1298,1298
1298,1298
1298,1304
1304,1298
1298,1298
1298,1298
1298,1304
1304,1298
1298,1298
1298,1298
1298,1304
1304,1298
1298,1298
1298,1298
1298,1298
1298,1304
1304,1298
1298,1298
1298,1298
1298,1298
1298,1304
1304,1298
1298,1298
1298,1304
1304,1298
1298,1298
1298,1298
1298,1298
1298,1304
1304,1298
1298,1298
1298,1298
1298,1304
1304,1298
1298,1298
1298,1298
1298,1304
1304,1298
1298,1298
1298,1298
1298,1304
1304,1298
1298,1298
1298,1298
1298,1298
1298,1304
1304,1298
1298,1298
1298,1298
1298,1304
1304,1298
1298,1298
1298,1298
1298,1304
1304,1298
1298,1298
1298,1298
1298,1298
1298,1304
1304,1298
1298,1298
1298,1298
1298,1304
1304,1298
1298,1298
1298,1298
1298,1298
1298,1304
1304,1298
1298,1298
1298,1298
1298,1304
1304,1298
1298,1298
1298,1298
1298,1304
1304,1298
1298,1298
1298,1298
1298,1304
1304,1298
1298,1298
1298,1298
1298,1298
1298,1304
1304,1298
1298,1298
1298,1298
1298,1304
1304,1298
1298,1298
1298,1298
1298,1298
1298,1304
1304,1298
1298,1298
1298,1304
1304,1298
1298,1298
1298,1298
1298,1298
1298,1304
1304,1298
1298,1298
1298,1298
1298,1298
1298,1304
1304,1298
1298,1298
1298,1298
1298,1304
1304,1298
1298,1298
1298,1298
1298,1298
1298,1304
1304,1298
1298,1298
1298,1298
1298,1304
1304,1298
1298,1298
1298,1298
1298,1304
1304,1298
1298,1298
1298,1298
1298,1304
1304,1298
1298,1298
1298,1298
1298,1304
1304,1298
1298,1298
1298,1298
1298,1298
1298,1304
1304,1298
1298,1298
1298,1298
1298,1298
1298,1304
1304,1298
1298,1298
1298,1304
1304,1298
1298,1298
1298,1298
1298,1304
1304,1298
1298,1298
1298,1298
1298,1298
1298,1304
1304,1298
1298,1298
1298,1298
1298,1304
1304,1298
1298,1298
1298,1298
1298,1304
1304,1298
1298,1298
1298,1298
1298,1298
1298,1298
1298,1304
1304,1298
1298,1298
1298,1304
1304,1298
1298,1298
1298,1298
1298,1298
1298,1304
1304,1298
1298,1298
1298,1298
1298,1304
1304,1298
1298,1298
1298,1298
1298,1298
1298,1304
1304,1298
1298,1298
1298,1304
1304,1298
1298,1298
1298,1298
1298,1298
1298,1304
1304,1298
1298,1298
1298,1298
1298,1304
1304,1298
1298,1298
1298,1298
1298,1298
1298,1304
1304,1298
1298,1298
1298,1298
1298,1304
1304,1298
1298,1298
1298,1298
1298,1304
1304,1298
1298,1298
1298,1298
1298,1304
1304,1298
1298,1298
1298,1298
1298,1298
1298,1304
1304,1298
1298,1298
1298,1298
1298,1304
1304,1298
1298,1298
1298,1298
1298,1304
1304,1298
1298,1298
1298,1298
1298,1298
1298,1304
1304,1298
1298,1298
1298,1298
1298,1304
1304,1298
1298,1298
1298,1298
1298,1298
1298,1304
1304,1298
1298,1298
1298,1298
1298,1304
1304,1298
1298,1298
1298,1298
1298,1298
1298,1304
1304,1298
1298,1298
1298,1298
1298,1304
1304,1298
1298,1298
1298,1298
1298,1304
1304,1298
1298,1298
1298,1298
1298,1304
1304,1298
1298,1298
1298,1298
1298,1304
1304,1298
1298,1298
1298,1298
1298,1298
1298,1304
1304,1298
1298,1298
1298,1298
1298,1304
1304,1298
1298,1298
1298,1298
1298,1304
1304,1298
1298,1298
1298,1298
1298,1304
1304,1298
1298,1298
1298,1298
1298,1298
1298,1304
1304,1298
1298,1298
1298,1298
1298,1304
1304,1298
1298,1298
1298,1298
1298,1298
1298,1304
1304,1298
1298,1298
1298,1298
1298,1304
1304,1298
1298,1298
1298,1298
1298,1304
1304,1298
1298,1298
1298,1298
1298,1304
1304,1298
1298,1298
1298,1298
1298,1298
1298,1304
1304,1298
1298,1298
1298,1298
1298,1304
1304,1298
1298,1298
1298,1298
1298,1304
1304,1298
1298,1298
1298,1298
1298,1298
1298,1304
1304,1298
1298,1298
1298,1298
1298,1304
1304,1298
1298,1298
1298,1298
1298,1304
1304,1298
1298,1298
1298,1304
1304,1298
1298,1298
1298,1304
1304,1298
1298,1298
1298,1298
1298,1304
1304,1298
1298,1298
1298,1298
1298,1298
1298,1304
1304,1298
1298,1298
1298,1298
1298,1304
1304,1298
1298,1298
1298,1298
1298,1304
1304,1298
1298,1298
1298,1298
1298,1304
1304,1291
1291,1304
1304,1298
1298,1298
1298,1304
1304,1298
1298,1298
1298,1298
1298,1298
1298,1304
1304,1298
1298,1298
1298,1298
1298,1304
1304,1298
1298,1298
1298,1298
1298,1304
1304,1298
1298,1298
1298,1298
1298,1304
1304,1298
1298,1298
1298,1298
1298,1304
1304,1298
1298,1298
1298,1298
1298,1298
1298,1304
1304,1298
1298,1298
1298,1298
1298,1298
1298,1304
1304,1298
1298,1298
1298,1298
1298,1304
1304,1298
1298,1298
1298,1298
1298,1304
1304,1298
1298,1298
1298,1298
1298,1304
1304,1298
1298,1298
1298,1298
1298,1304
1304,1298
1298,1298
1298,1298
1298,1298
1298,1304
1304,1298
1298,1298
1298,1298
1298,1304
1304,1298
1298,1298
1298,1298
1298,1298
1298,1304
1304,1298
1298,1298
1298,1298
1298,1304
1304,1298
1298,1298
1298,1298
1298,1304
1304,1298
1298,1298
1298,1298
1298,1304
1304,1298
1298,1298
1298,1298
1298,1298
1298,1304
1304,1298
1298,1298
1298,1298
1298,1304
1304,1298
1298,1298
1298,1298
1298,1304
1304,1298
1298,1298
1298,1298
1298,1298
1298,1304
1304,1298
1298,1298
1298,1298
1298,1304
1304,1298
1298,1298
1298,1298
1298,1304
1304,1298
1298,1298
1298,1298
1298,1298
1298,1304
1304,1298
1298,1298
1298,1298
1298,1304
1304,1298
1298,1298
1298,1298
1298,1304
1304,1298
1298,1298
1298,1298
1298,1298
1298,1304
1304,1298
1298,1298
1298,1298
1298,1304
1304,1298
1298,1298
1298,1298
1298,1304
1304,1298
1298,1298
1298,1298
1298,1298
1298,1304
1304,1298
1298,1298
1298,1298
1298,1304
1304,1298
1298,1298
1298,1298
1298,1304
1304,1298
1298,1298
1298,1298
1298,1298
1298,1304
1304,1298
1298,1298
1298,1298
1298,1304
1304,1298
1298,1298
1298,1298
1298,1304
1304,1298
1298,1298
1298,1298
1298,1304
1304,1298
1298,1298
1298,1298
1298,1298
1298,1304
1304,1298
1298,1298
1298,1298
1298,1298
1298,1304
1304,1298
1298,1298
1298,1304
1304,1298
1298,1298
1298,1298
1298,1298
1298,1304
1304,1298
1298,1298
1298,1298
1298,1304
1304,1298
1298,1298
1298,1298
1298,1304
1304,1298
1298,1298
1298,1298
1298,1304
1304,1298
1298,1298
1298,1298
1298,1298
